Node,Winner_or_Buyer,Tax_ID,Community,Embedding_Mean,Embedding_Std,Embedding_Min,Embedding_Max,Embedding_L2_Norm,Community_Size,Betweenness_Centrality,Eigenvector_Centrality,PageRank,Avg_Similarity_To_Others,Max_Similarity_To_Others,Ajánlatkérő szervezet főtevékenysége,Ajánlatkérő szervezet típusa,Szerződés típusa,Eljárásrend,Minőségi kritérium alkalmazásra került,Költség kritérium alkalmazásra került,Ár kritérium alkalmazásra került
Budapest III.ker. Óbuda-Békásmegyer Önkormányzata Költségvetési Szerveket Kiszolgáló Intézmény|Budapest Főváros III. kerület Óbuda-Békásmegyer Önkormányzat,Buyer,15503176241|15735667241,0,0.04252059,0.3717575,-1.0833404,0.9050897,4.2333784,3,7.390983000739098e-05,7.562349194019088e-12,0.008792887543678646,0.40715763,2.3841858e-07,KL - Általános közszolgáltatások,N - Regionális/helyi szintű,Szolgáltatás megrendelés,Nemzeti eljárásrend,Nem,Nem,Igen
Vodafone Magyarország Távközlési Zártkörűen Működő Részvénytársaság,Winner,"11895927244,HU11895927",0,0.03952372,0.35706267,-1.0544813,0.8523025,4.064376,3,0.0,5.34738839679152e-12,0.004639700806473929,0.41150156,-1.1920929e-07,KL - Általános közszolgáltatások,N - Regionális/helyi szintű,Szolgáltatás megrendelés,Nemzeti eljárásrend,Nem,Nem,Igen
Büki Közös Önkormányzati Hivatal,Buyer,15808756118,1,-0.010295779,0.35216784,-0.9914422,1.1625888,3.986027,3,7.390983000739098e-05,7.562349194019088e-12,0.008792887543678646,0.41208446,-1.1920929e-07,KL - Általános közszolgáltatások,N - Regionális/helyi szintű,Szolgáltatás megrendelés,Nemzeti eljárásrend,Nem,Nem,Igen
MTOK Magyar Tréning Oktatási Központ Korlátolt Felelősségű Társaság,Winner,"23291052243,HU23291052",1,-0.010854071,0.3578632,-1.0392661,1.1532304,4.0506215,3,0.0,5.34738839679152e-12,0.004639700806473929,0.41145912,-5.9604645e-08,KL - Általános közszolgáltatások,N - Regionális/helyi szintű,Szolgáltatás megrendelés,Nemzeti eljárásrend,Nem,Nem,Igen
BUDAPEST FŐVÁROS XX. KERÜLET PESTERZSÉBET ÖNKORMÁNYZATA|Budapest Főváros XXIII. Kerület Soroksár Önkormányzata,Buyer,15735832243|15735863243,2,-0.029164597,0.34805542,-0.8007746,0.84902084,3.9515977,3,0.0,5.34738839679152e-12,0.004639700806473929,0.41000232,1.1920929e-07,KL - Általános közszolgáltatások,N - Regionális/helyi szintű,Szolgáltatás megrendelés,Nemzeti eljárásrend,Nem,Nem,Igen
Inter-Ambulance Egészségügyi és Szolgáltató Zártkörűen Működő Részvénytársaság,Winner,"24672331242,HU24672331",2,-0.027518839,0.35435915,-0.7746966,0.8336718,4.0211873,3,7.390983000739098e-05,7.562349194019088e-12,0.008792887543678646,0.41474795,0.0,KL - Általános közszolgáltatások,N - Regionális/helyi szintű,Szolgáltatás megrendelés,Nemzeti eljárásrend,Nem,Nem,Igen
Debrecen Megyei Jogú Város Önkormányzata,Buyer,15735588209,3,0.0030036606,0.36261183,-0.8271859,0.80012894,4.102625,3,7.390983000739098e-05,7.562349194019088e-12,0.008792887543678646,0.41385606,1.1920929e-07,KL - Általános közszolgáltatások,N - Regionális/helyi szintű,Szolgáltatás megrendelés,Nemzeti eljárásrend,Nem,Nem,Igen
DEKÁD Mérnöki Tanácsadó és Szolgáltató Kft.,Winner,"13173113215,HU13173113",3,0.0007842332,0.35956684,-0.8150879,0.7878796,4.0680437,3,0.0,5.34738839679152e-12,0.004639700806473929,0.4086302,1.1920929e-07,KL - Általános közszolgáltatások,N - Regionális/helyi szintű,Szolgáltatás megrendelés,Nemzeti eljárásrend,Nem,Nem,Igen
Borsod-Abaúj-Zemplén Megyei Kormányhivatal,Buyer,15789271205,4,0.03195508,0.3142087,-0.65083605,0.78066695,3.5732024,9,0.0019955654101995565,0.697976160731388,0.02209116312251887,0.4207714,-1.7881393e-07,KL - Általános közszolgáltatások,N - Regionális/helyi szintű,Szolgáltatás megrendelés,Nemzeti eljárásrend,Nem,Nem,Igen
Hungária Med-M Kereskedelmi és Szolgáltató Korlátolt Felelősségű Társaság,Winner,"12489477241,HU12489477,01 09 688789",4,0.021997567,0.3207971,-0.66901433,0.80321324,3.6379278,9,0.0005173688100517369,0.30312719683052375,0.006814723316805486,0.4152169,-2.9802322e-07,KL - Általános közszolgáltatások,N - Regionális/helyi szintű,Szolgáltatás megrendelés,Nemzeti eljárásrend,Nem,Nem,Igen
Gyomaendrőd Város Önkormányzata|Orosháza Város Önkormányzata|Kondoros Város Önkormányzata|Köröstarcsa Község Önkormányzata|Mezőberény Város Önkormányzata|Ecsegfalva Község Önkormányzata|Dévaványa Város Önkormányzata|Sarkad Város Önkormányzata|Mezőtúr Város Önkormányzata|Szarvas Város Önkormányzata|Békésszentandrás Nagyközség Önkormányzata,Buyer,15725527204|15725510204|15725534204|15725383204|15725390204|15344746204|15725321204|15725163204|15732705216|15725091204|15725541204,15,0.03043457,0.34369507,-0.67923236,0.9704102,3.9036815,4,0.0,5.409906885439629e-10,0.004227436060029592,0.41503668,-1.1920929e-07,KL - Általános közszolgáltatások,N - Regionális/helyi szintű,Szolgáltatás megrendelés,Nemzeti eljárásrend,Nem,Nem,Igen
SZEMP Air Légiszolgáltató Kft|RSZ-COOP LÉGISZOLGÁLTATÓ ÉS KERESKEDELMI KFT,Winner,"11399689206,HU11399689|11042291204,HU11042291",15,0.02767327,0.3443361,-0.7696387,0.9349178,3.9082787,4,0.00014781966001478197,8.753413216613403e-10,0.007820756711054744,0.40705395,-1.1920929e-07,KL - Általános közszolgáltatások,N - Regionális/helyi szintű,Szolgáltatás megrendelés,Nemzeti eljárásrend,Nem,Nem,Igen
VÁRVAG Városüzemeltetési és Vagyongazdálkodási Nonprofit Közhasznú Korlátolt Felelősségű Társaság,Buyer,14736854213,7,0.04450369,0.370665,-1.254826,0.89060163,4.2237144,2,0.0,9.417060200604629e-17,0.006024096385542169,0.405066,-1.7881393e-07,KL - Általános közszolgáltatások,N - Regionális/helyi szintű,Szolgáltatás megrendelés,Nemzeti eljárásrend,Nem,Nem,Igen
Állatmenhely Nyílt Alapítvány,Winner,18673649213,7,0.03987341,0.37291422,-1.2329726,0.8733531,4.243092,2,0.0,9.417060200604629e-17,0.006024096385542169,0.40061906,1.1920929e-07,KL - Általános közszolgáltatások,N - Regionális/helyi szintű,Szolgáltatás megrendelés,Nemzeti eljárásrend,Nem,Nem,Igen
Tiszavasvári Város Önkormányzata,Buyer,15732468215,8,0.017266147,0.3745792,-0.6832491,1.1127342,4.2423797,2,0.0,9.417060200604629e-17,0.006024096385542169,0.40620607,-2.9802322e-07,KL - Általános közszolgáltatások,N - Regionális/helyi szintű,Szolgáltatás megrendelés,Nemzeti eljárásrend,Nem,Nem,Igen
ROJKÓ-MED TANÁCSADÓ ÉS SZOLGÁLTATÓ KORLÁTOLT FELELŐSSÉGŰ TÁRSASÁG,Winner,12451245115,8,0.02008088,0.3772356,-0.7140967,1.1367514,4.2739763,2,0.0,9.417060200604629e-17,0.006024096385542169,0.39754725,0.0,KL - Általános közszolgáltatások,N - Regionális/helyi szintű,Szolgáltatás megrendelés,Nemzeti eljárásrend,Nem,Nem,Igen
Bács-Kiskun Megyei Önkormányzat,Buyer,15724306203,9,-0.009137537,0.34247723,-0.8483789,0.9731246,3.8760664,5,0.0004434589800443459,3.4625088339140613e-06,0.014330469859951607,0.41545078,-5.9604645e-08,KL - Általános közszolgáltatások,N - Regionális/helyi szintű,Szolgáltatás megrendelés,Nemzeti eljárásrend,Nem,Nem,Igen
AMIGO Kereskedelmi és Vendéglátó Korlátolt Felelősségű Társaság,Winner,"11570662203,HU11570662",9,-0.00830418,0.33507368,-0.81410414,0.8948968,3.7920902,5,0.0,1.731254416957031e-06,0.0039475030169398104,0.4185262,-2.9802322e-07,KL - Általános közszolgáltatások,N - Regionális/helyi szintű,Szolgáltatás megrendelés,Nemzeti eljárásrend,Nem,Nem,Igen
Mediaworks Hungary Zrt.,Winner,"24785725244,HU24785725",9,-0.010583935,0.33662564,-0.8275084,0.9103803,3.8103664,5,0.0,1.731254416957031e-06,0.0039475030169398104,0.41626492,0.0,KL - Általános közszolgáltatások,N - Regionális/helyi szintű,Szolgáltatás megrendelés,Nemzeti eljárásrend,Nem,Nem,Igen
Kiskunlacháza Nagyközség Önkormányzata,Buyer,15730882213,10,-0.03705076,0.379256,-0.9218293,0.82205003,4.3112187,2,0.0,9.417060200604629e-17,0.006024096385542169,0.40813404,2.3841858e-07,KL - Általános közszolgáltatások,N - Regionális/helyi szintű,Szolgáltatás megrendelés,Nemzeti eljárásrend,Nem,Nem,Igen
Medical-Provisor Központi Orvosi Ügyelet Korlátolt Felelősségű Társaság,Winner,"24119322113,HU24119322",10,-0.03774049,0.38084581,-0.8959407,0.80013674,4.329883,2,0.0,9.417060200604629e-17,0.006024096385542169,0.4033353,2.3841858e-07,KL - Általános közszolgáltatások,N - Regionális/helyi szintű,Szolgáltatás megrendelés,Nemzeti eljárásrend,Nem,Nem,Igen
Simontornya és Térsége Sürgősségi Betegellátást Biztosító Önkormányzati Társulás,Buyer,15822473117,11,0.015187139,0.3547715,-0.9809232,1.009027,4.0174575,3,0.0,5.34738839679152e-12,0.004639700806473929,0.40703887,2.3841858e-07,KL - Általános közszolgáltatások,N - Regionális/helyi szintű,Szolgáltatás megrendelés,Nemzeti eljárásrend,Nem,Nem,Igen
Központi Háziorvosi Ügyelet Egészségügyi Szolgáltató Korlátolt Felelősségű Társaság,Winner,27987397109,11,0.0131449215,0.36339185,-1.0362616,0.9875837,4.113998,3,7.390983000739098e-05,7.562349194019088e-12,0.008792887543678646,0.41137052,1.1920929e-07,KL - Általános közszolgáltatások,N - Regionális/helyi szintű,Szolgáltatás megrendelés,Nemzeti eljárásrend,Nem,Nem,Igen
Balmazújvárosi Kistérség Többcélú Társulása,Buyer,15376745209,11,0.015386463,0.35796824,-1.0006939,1.0112004,4.0536876,3,0.0,5.34738839679152e-12,0.004639700806473929,0.4161411,0.0,KL - Általános közszolgáltatások,N - Regionális/helyi szintű,Szolgáltatás megrendelés,Nemzeti eljárásrend,Nem,Nem,Igen
Veszprém Megyei Jogú Város Önkormányzata,Buyer,15734202219,56,-0.011825573,0.33910364,-0.8392755,0.8697076,3.8388517,5,0.0003695491500369549,1.4877088525147657e-07,0.010770534886595297,0.41333917,4.7683716e-07,KL - Általános közszolgáltatások,N - Regionális/helyi szintű,Szolgáltatás megrendelés,Nemzeti eljárásrend,Nem,Nem,Igen
UNIQA Biztosító Zártkörűen Működő Részvénytársaság,Winner,"10456017444,HU 17781224",56,-0.006718383,0.33024335,-0.77958024,0.8561921,3.73705,5,0.0,8.051422291339431e-08,0.0039548205803229125,0.41310957,-2.3841858e-07,KL - Általános közszolgáltatások,N - Regionális/helyi szintű,Szolgáltatás megrendelés,Nemzeti eljárásrend,Nem,Nem,Igen
Sopron Megyei Jogú Város Önkormányzata,Buyer,15728049208,13,-0.069196716,0.36986732,-0.78924054,0.9422312,4.257173,2,0.0,9.417060200604629e-17,0.006024096385542169,0.39903682,-5.9604645e-08,KL - Általános közszolgáltatások,N - Regionális/helyi szintű,Szolgáltatás megrendelés,Nemzeti eljárásrend,Nem,Nem,Igen
Irisz Temetkezési Kft,Winner,10569449208,13,-0.0707319,0.36761913,-0.8052598,0.89398104,4.235421,2,0.0,9.417060200604629e-17,0.006024096385542169,0.40765178,-1.1920929e-07,KL - Általános közszolgáltatások,N - Regionális/helyi szintű,Szolgáltatás megrendelés,Nemzeti eljárásrend,Nem,Nem,Igen
Szombathely Megyei Jogú Város Önkormányzata,Buyer,15733658218,14,0.033087768,0.37223676,-0.9260919,0.91620255,4.227983,2,0.0,9.417060200604629e-17,0.006024096385542169,0.4049916,1.1920929e-07,KL - Általános közszolgáltatások,N - Regionális/helyi szintű,Szolgáltatás megrendelés,Nemzeti eljárásrend,Nem,Nem,Igen
Isis-Com Szolgáltató Kereskedelmi Kft,Winner,13106113218,14,0.035673752,0.37378052,-0.9149723,0.8875848,4.24806,2,0.0,9.417060200604629e-17,0.006024096385542169,0.402869,-5.9604645e-08,KL - Általános közszolgáltatások,N - Regionális/helyi szintű,Szolgáltatás megrendelés,Nemzeti eljárásrend,Nem,Nem,Igen
Gyomaendrőd Város Önkormányzata|Orosháza Város Önkormányzata|Hunya Község Önkormányzata|Dévaványa Város Önkormányzata|Csárdaszállás Községi Önkormányzat|Mezőtúr Város Önkormányzata|Kondoros Város Önkormányzata|Ecsegfalva Község Önkormányzata|Köröstarcsa Község Önkormányzata|Szarvas Város Önkormányzata|Sarkad Város Önkormányzata|Mezőberény Város Önkormányzata|Békésszentandrás Nagyközség Önkormányzata,Buyer,15725527204|15725510204|15346786204|15725321204|15725572204|15732705216|15725534204|15344746204|15725383204|15725091204|15725163204|15725390204|15725541204,15,0.029375372,0.34673515,-0.7489765,0.9559647,3.9369133,4,0.00014781966001478197,8.753413216613402e-10,0.007820756711054744,0.4041544,0.0,KL - Általános közszolgáltatások,N - Regionális/helyi szintű,Szolgáltatás megrendelés,Nemzeti eljárásrend,Nem,Nem,Igen
RSZ-COOP LÉGISZOLGÁLTATÓ ÉS KERESKEDELMI KFT|SZEMP Air Légiszolgáltató Kft,Winner,"11042291204,HU11042291|11399689206,HU11399689",15,0.030940482,0.34106982,-0.7591948,0.9375593,3.8746095,4,0.0,5.409906885439629e-10,0.004227436060029592,0.40904152,2.3841858e-07,KL - Általános közszolgáltatások,N - Regionális/helyi szintű,Szolgáltatás megrendelés,Nemzeti eljárásrend,Nem,Nem,Igen
Belváros-Lipótváros Városüzemeltető Kft.,Buyer,13998521241,16,-0.035806853,0.34747395,-0.9795909,0.99352175,3.9520369,4,0.00022172949002217295,1.263112121356514e-08,0.011561678701815126,0.41676143,-1.7881393e-07,KL - Általános közszolgáltatások,N - Regionális/helyi szintű,Szolgáltatás megrendelés,Nemzeti eljárásrend,Nem,Nem,Igen
Parkfenntartó-Kertészeti és Szolgáltató Korlátolt Felelősségű Társaság.,Winner,"12252091241,HU 12252091",16,-0.036379084,0.3472347,-0.9381902,1.0114064,3.9500139,4,0.0,7.292581232818626e-09,0.004178235613451183,0.4091513,-1.7881393e-07,KL - Általános közszolgáltatások,N - Regionális/helyi szintű,Szolgáltatás megrendelés,Nemzeti eljárásrend,Nem,Nem,Igen
Liz-May Korlátolt Felelősségű Társaság,Winner,"29227682242,01-09-384174",16,-0.03640905,0.34258845,-0.9288981,1.0133839,3.8977733,4,0.0,7.292581232818626e-09,0.004178235613451183,0.41422823,1.1920929e-07,KL - Általános közszolgáltatások,N - Regionális/helyi szintű,Szolgáltatás megrendelés,Nemzeti eljárásrend,Nem,Nem,Igen
Maroslele Községi Önkormányzat|Földeák Községi Önkormányzat|MAGYARCSANÁD KÖZSÉG ÖNKORMÁNYZAT|Apátfalva Község Önkormányzata|Mindszent Város Önkormányzata,Buyer,15726858206|15354642206|15726841206|15726834206|15726762206,17,-0.0091423495,0.36132073,-0.90307057,0.90721166,4.0891857,3,0.0,5.34738839679152e-12,0.004639700806473929,0.40930626,1.1920929e-07,KL - Általános közszolgáltatások,N - Regionális/helyi szintű,Szolgáltatás megrendelés,Nemzeti eljárásrend,Nem,Nem,Igen
Malév Air Tours Idegenforgalmi és Szolgáltató Kft.,Winner,"12396775243,HU12396775,01-09-674295",17,-0.007844889,0.36209208,-0.90163016,0.9179658,4.0975657,3,7.390983000739098e-05,7.562349194019088e-12,0.008792887543678646,0.4163316,-1.1920929e-07,KL - Általános közszolgáltatások,N - Regionális/helyi szintű,Szolgáltatás megrendelés,Nemzeti eljárásrend,Nem,Nem,Igen
Zemplén-Vektor Korlátolt Felelősségű Társaság,Winner,14637621205,9,-0.010549184,0.33415413,-0.8184906,0.89985114,3.782406,5,0.0,1.731254416957031e-06,0.0039475030169398104,0.4160435,-1.1920929e-07,KL - Általános közszolgáltatások,N - Regionális/helyi szintű,Szolgáltatás megrendelés,Nemzeti eljárásrend,Nem,Nem,Igen
Hódmezővásárhely Megyei Jogú Város Önkormányzata,Buyer,15726906206,18,-0.0052384585,0.35881707,-1.0663298,1.267957,4.0599847,3,7.390983000739098e-05,7.562349194019088e-12,0.008792887543678646,0.4114423,-1.7881393e-07,KL - Általános közszolgáltatások,N - Regionális/helyi szintű,Szolgáltatás megrendelés,Nemzeti eljárásrend,Nem,Nem,Igen
Ro-Liv Dent Korlátolt Felelősségű Társaság,Winner,26081168206,18,-0.0053233057,0.35368326,-1.0542604,1.2440218,4.0019226,3,0.0,5.34738839679152e-12,0.004639700806473929,0.40640655,-2.9802322e-07,KL - Általános közszolgáltatások,N - Regionális/helyi szintű,Szolgáltatás megrendelés,Nemzeti eljárásrend,Nem,Nem,Igen
Nyíregyháza Megyei Jogú Város Önkormányzata,Buyer,15731766215,19,-0.008346308,0.3620918,-0.8120395,0.8227335,4.097689,3,7.390983000739098e-05,7.562349194019088e-12,0.008792887543678646,0.40654305,2.3841858e-07,KL - Általános közszolgáltatások,N - Regionális/helyi szintű,Szolgáltatás megrendelés,Nemzeti eljárásrend,Nem,Nem,Igen
Aegon Magyarország Általános Biztosító zrt,Winner,"10389395444,HU17780027,01-10-041365",19,-0.010087499,0.35764349,-0.8119712,0.8111387,4.047883,3,0.0,5.34738839679152e-12,0.004639700806473929,0.4108486,4.7683716e-07,KL - Általános közszolgáltatások,N - Regionális/helyi szintű,Szolgáltatás megrendelés,Nemzeti eljárásrend,Nem,Nem,Igen
Mezőkövesd Város Önkormányzata,Buyer,15726470205,20,0.019188397,0.37577754,-0.8395798,0.7242003,4.2569766,2,0.0,9.417060200604629e-17,0.006024096385542169,0.40270096,-1.7881393e-07,KL - Általános közszolgáltatások,N - Regionális/helyi szintű,Szolgáltatás megrendelés,Nemzeti eljárásrend,Nem,Nem,Igen
SZILVÁSI TRANS Fuvarozó és Kereskedelmi Korlátolt Felelősségű Társaság,Winner,"11842541205,HU11842541",20,0.01807294,0.37860203,-0.8360875,0.719413,4.28827,2,0.0,9.417060200604629e-17,0.006024096385542169,0.4054002,0.0,KL - Általános közszolgáltatások,N - Regionális/helyi szintű,Szolgáltatás megrendelés,Nemzeti eljárásrend,Nem,Nem,Igen
Enying Város Önkormányzata,Buyer,15727385207,21,-0.019657427,0.38089415,-1.0990821,0.87908953,4.3150606,2,0.0,9.417060200604629e-17,0.006024096385542169,0.40575004,-3.5762787e-07,KL - Általános közszolgáltatások,N - Regionális/helyi szintű,Szolgáltatás megrendelés,Nemzeti eljárásrend,Nem,Nem,Igen
PROJECT LIGHT HUNGARY Korlátolt Felelősségű Társaság,Winner,25017498243,21,-0.022085398,0.38571438,-1.1286231,0.8870414,4.371008,2,0.0,9.417060200604629e-17,0.006024096385542169,0.40285584,2.3841858e-07,KL - Általános közszolgáltatások,N - Regionális/helyi szintű,Szolgáltatás megrendelés,Nemzeti eljárásrend,Nem,Nem,Igen
Kadarkút Város Önkormányzata,Buyer,15731546214,22,-0.037159216,0.36828628,-0.9600331,0.8932374,4.187839,2,0.0,9.417060200604629e-17,0.006024096385542169,0.40354213,-1.7881393e-07,KL - Általános közszolgáltatások,N - Regionális/helyi szintű,Szolgáltatás megrendelés,Nemzeti eljárásrend,Nem,Nem,Igen
Netta-Pannonia Környezetvédelmi Kft.,Winner,"11344490220,HU11344490",22,-0.03923153,0.3694423,-0.9556624,0.86207855,4.2032633,2,0.0,9.417060200604629e-17,0.006024096385542169,0.3963959,-1.1920929e-07,KL - Általános közszolgáltatások,N - Regionális/helyi szintű,Szolgáltatás megrendelés,Nemzeti eljárásrend,Nem,Nem,Igen
Pécs Megyei Jogú Város Önkormányzata,Buyer,15735612202,23,-0.008701285,0.3735213,-0.9602549,0.7307101,4.2270575,2,0.0,9.417060200604629e-17,0.006024096385542169,0.40585235,-1.7881393e-07,KL - Általános közszolgáltatások,N - Regionális/helyi szintű,Szolgáltatás megrendelés,Nemzeti eljárásrend,Nem,Nem,Igen
SZOCEG Szociális és Egészségügyi Szolgáltató Nonprofit Kft.,Winner,"22270720202,22270720-2-02",23,-0.011275416,0.373333,-0.9824186,0.73923516,4.225707,2,0.0,9.417060200604629e-17,0.006024096385542169,0.4052719,1.1920929e-07,KL - Általános közszolgáltatások,N - Regionális/helyi szintű,Szolgáltatás megrendelés,Nemzeti eljárásrend,Nem,Nem,Igen
Sárvár Város Önkormányzata,Buyer,15733634218,24,0.0055058645,0.37525046,-0.92347914,1.0026661,4.245931,2,0.0,9.417060200604629e-17,0.006024096385542169,0.3961213,-2.3841858e-07,KL - Általános közszolgáltatások,N - Regionális/helyi szintű,Szolgáltatás megrendelés,Nemzeti eljárásrend,Nem,Nem,Igen
R. Törley Mária,Winner,70846658142,24,0.003050778,0.37083307,-0.88769007,0.99418306,4.195639,2,0.0,9.417060200604629e-17,0.006024096385542169,0.4067315,-2.3841858e-07,KL - Általános közszolgáltatások,N - Regionális/helyi szintű,Szolgáltatás megrendelés,Nemzeti eljárásrend,Nem,Nem,Igen
Marcali Kistérségi Többcélú Társulás,Buyer,15571548214,25,-0.001352678,0.33802077,-1.0700697,0.6560687,3.8242989,5,0.0,1.731254416957031e-06,0.0039475030169398104,0.41593307,0.0,KL - Általános közszolgáltatások,N - Regionális/helyi szintű,Szolgáltatás megrendelés,Nemzeti eljárásrend,Nem,Nem,Igen
EMERGENCY SERVICE Kereskedelmi és Egészségügyi Szolgáltató Korlátolt Felelősségű Társaság,Winner,"13789581141,HU13789581",25,-0.0039475905,0.34305558,-1.0553502,0.6809902,3.8814878,5,0.0004434589800443459,3.4625088339140613e-06,0.014330469859951607,0.41596916,-2.3841858e-07,KL - Általános közszolgáltatások,N - Regionális/helyi szintű,Szolgáltatás megrendelés,Nemzeti eljárásrend,Nem,Nem,Igen
Csongrád-Csanád Megyei Önkormányzat,Buyer,15726621206,26,0.009870792,0.38137412,-0.9274019,0.836176,4.3162007,2,0.0,9.417060200604629e-17,0.006024096385542169,0.40560132,-3.5762787e-07,KL - Általános közszolgáltatások,N - Regionális/helyi szintű,Szolgáltatás megrendelés,Nemzeti eljárásrend,Nem,Nem,Igen
Print Brokers Team Kft.,Winner,12980088208,26,0.010688579,0.38504925,-0.9471892,0.84969187,4.3580127,2,0.0,9.417060200604629e-17,0.006024096385542169,0.40674895,1.1920929e-07,KL - Általános közszolgáltatások,N - Regionális/helyi szintű,Szolgáltatás megrendelés,Nemzeti eljárásrend,Nem,Nem,Igen
Pécsi Többcélú Agglomerációs Társulás,Buyer,15587086102,27,0.029479772,0.37572783,-0.7752202,0.89502317,4.2639394,2,0.0,9.417060200604629e-17,0.006024096385542169,0.402952,-2.3841858e-07,KL - Általános közszolgáltatások,N - Regionális/helyi szintű,Szolgáltatás megrendelés,Nemzeti eljárásrend,Nem,Nem,Igen
"Multi Alarm Biztonságtechnikai, Fejlesztő, Kereskedelmi és Szolgáltató Zrt.",Winner,"11365073242,HU11365073",27,0.02968838,0.3786996,-0.7696854,0.8961446,4.2976427,2,0.0,9.417060200604629e-17,0.006024096385542169,0.40263537,1.1920929e-07,KL - Általános közszolgáltatások,N - Regionális/helyi szintű,Szolgáltatás megrendelés,Nemzeti eljárásrend,Nem,Nem,Igen
Budapest Főváros XVII. kerület Rákosmente Önkormányzata,Buyer,15735801242,4,0.023474412,0.3202609,-0.6470875,0.8276278,3.6330588,9,0.0,0.1132659382167983,0.003800985439247855,0.4071161,-2.3841858e-07,KL - Általános közszolgáltatások,N - Regionális/helyi szintű,Szolgáltatás megrendelés,Nemzeti eljárásrend,Nem,Nem,Igen
Ózd Város Önkormányzata,Buyer,15726487205,28,-0.029300902,0.33705494,-0.7856563,0.83113354,3.827723,5,0.0004434589800443459,3.4625088339140613e-06,0.014330469859951607,0.4216953,-5.9604645e-08,KL - Általános közszolgáltatások,N - Regionális/helyi szintű,Szolgáltatás megrendelés,Nemzeti eljárásrend,Nem,Nem,Igen
Régió Fejlesztéséért Alapítvány,Winner,19332510105,28,-0.026073497,0.3360283,-0.84719986,0.8230653,3.8131537,5,0.0,1.731254416957031e-06,0.0039475030169398104,0.4108848,1.1920929e-07,KL - Általános közszolgáltatások,N - Regionális/helyi szintű,Szolgáltatás megrendelés,Nemzeti eljárásrend,Nem,Nem,Igen
Öt Pont Egyesület,Winner,18449132105,28,-0.025042485,0.33048382,-0.8433063,0.8093977,3.749717,5,0.0,1.731254416957031e-06,0.0039475030169398104,0.41678002,0.0,KL - Általános közszolgáltatások,N - Regionális/helyi szintű,Szolgáltatás megrendelés,Nemzeti eljárásrend,Nem,Nem,Igen
Hódmezővásárhelyi Vagyonkezelő és Szolgáltató Zártkörű Részvénytársaság,Buyer,11592277206,29,-0.02720932,0.37678367,-1.0096107,0.808494,4.273922,2,0.0,9.417060200604629e-17,0.006024096385542169,0.40376773,-1.7881393e-07,KL - Általános közszolgáltatások,N - Regionális/helyi szintű,Szolgáltatás megrendelés,Nemzeti eljárásrend,Nem,Nem,Igen
"AQUAPLUS Kútfúró, Építő és Termál-energetikai Korlátolt Felelősségű Társaság",Winner,10263806206,29,-0.025759041,0.37224764,-1.0152448,0.80678207,4.221573,2,0.0,9.417060200604629e-17,0.006024096385542169,0.40538162,-1.1920929e-07,KL - Általános közszolgáltatások,N - Regionális/helyi szintű,Szolgáltatás megrendelés,Nemzeti eljárásrend,Nem,Nem,Igen
Médiacentrum Debrecen Korlátolt Felelősségű Társaság,Winner,11146797209,3,0.0023899227,0.35807744,-0.8163794,0.78923523,4.051274,3,0.0,5.34738839679152e-12,0.004639700806473929,0.40679294,1.1920929e-07,KL - Általános közszolgáltatások,N - Regionális/helyi szintű,Szolgáltatás megrendelés,Nemzeti eljárásrend,Nem,Nem,Igen
Hajdúböszörményi Városgazdálkodási Nonprofit Korlátolt Felelősségű Társaság,Buyer,11156624209,30,-0.013922464,0.3745314,-0.8135675,0.817581,4.240266,2,0.0,9.417060200604629e-17,0.006024096385542169,0.40220025,0.0,KL - Általános közszolgáltatások,N - Regionális/helyi szintű,Szolgáltatás megrendelés,Nemzeti eljárásrend,Nem,Nem,Igen
TÖMB 2002 Szolgáltató Korlátolt Felelősségű Társaság,Winner,"22757937209,HU22757937",30,-0.014042074,0.3805376,-0.7931991,0.8330866,4.308222,2,0.0,9.417060200604629e-17,0.006024096385542169,0.40204197,1.1920929e-07,KL - Általános közszolgáltatások,N - Regionális/helyi szintű,Szolgáltatás megrendelés,Nemzeti eljárásrend,Nem,Nem,Igen
Mezőtúr Város Önkormányzata,Buyer,15732705216,31,0.00804765,0.37078544,-0.86659604,0.87425965,4.195946,2,0.0,9.417060200604629e-17,0.006024096385542169,0.40564305,2.3841858e-07,KL - Általános közszolgáltatások,N - Regionális/helyi szintű,Szolgáltatás megrendelés,Nemzeti eljárásrend,Nem,Nem,Igen
AGROFRIZ Kft.,Winner,"11264446216,HU11264446,HU0000514257",31,0.008662552,0.37083775,-0.856319,0.88224214,4.1966944,2,0.0,9.417060200604629e-17,0.006024096385542169,0.4068285,1.1920929e-07,KL - Általános közszolgáltatások,N - Regionális/helyi szintű,Szolgáltatás megrendelés,Nemzeti eljárásrend,Nem,Nem,Igen
Kenter Kereskedelmi és Reklám Kft.,Winner,"10272309218,10272309",1,-0.012202131,0.3568582,-1.0318263,1.1419767,4.039749,3,0.0,5.34738839679152e-12,0.004639700806473929,0.40781498,-5.9604645e-08,KL - Általános közszolgáltatások,N - Regionális/helyi szintű,Szolgáltatás megrendelés,Nemzeti eljárásrend,Nem,Nem,Igen
Hajdú-Bihar Megyei Önkormányzat,Buyer,15728317209,32,-0.03789471,0.3676778,-0.89871776,0.97320265,4.1818347,2,0.0,9.417060200604629e-17,0.006024096385542169,0.39962593,-1.7881393e-07,KL - Általános közszolgáltatások,N - Regionális/helyi szintű,Szolgáltatás megrendelés,Nemzeti eljárásrend,Nem,Nem,Igen
PHARMAFLIGHT Aviation Academy Korlátolt Felelősségű Társaság,Winner,"27866133209,HU 27866133",32,-0.03939147,0.36999708,-0.8872469,0.9729543,4.209696,2,0.0,9.417060200604629e-17,0.006024096385542169,0.3973558,0.0,KL - Általános közszolgáltatások,N - Regionális/helyi szintű,Szolgáltatás megrendelés,Nemzeti eljárásrend,Nem,Nem,Igen
Focus Audit and Advisory Könyvvizsgáló és Tanácsadó Korlátolt Felelősségű Társaság,Winner,12423161241,4,0.027790058,0.30873248,-0.66330993,0.71275663,3.5070312,9,0.0,0.26080445939794594,0.003584999265217882,0.41820508,2.3841858e-07,KL - Általános közszolgáltatások,N - Regionális/helyi szintű,Szolgáltatás megrendelés,Nemzeti eljárásrend,Nem,Nem,Igen
Pécsi Törvényszék,Buyer,15311519202,33,0.017250983,0.37212923,-0.8689867,1.0394536,4.214683,2,0.0,9.417060200604629e-17,0.006024096385542169,0.40323684,-2.3841858e-07,KL - Általános közszolgáltatások,N - Regionális/helyi szintű,Szolgáltatás megrendelés,Nemzeti eljárásrend,Nem,Nem,Igen
S-Group Közép-európai Biztonsági és Védelmi Zártkörűen Működő Részvénytársaság,Winner,"23490103218,HU23490103",33,0.015910609,0.37473834,-0.88170654,1.0444217,4.2434998,2,0.0,9.417060200604629e-17,0.006024096385542169,0.4042395,2.3841858e-07,KL - Általános közszolgáltatások,N - Regionális/helyi szintű,Szolgáltatás megrendelés,Nemzeti eljárásrend,Nem,Nem,Igen
OKT-FULL Tanácsadó Kft.,Winner,"23755347242,HU23755347",28,-0.02683409,0.33515185,-0.8767617,0.8028903,3.8039446,5,0.0,1.731254416957031e-06,0.0039475030169398104,0.41321716,0.0,KL - Általános közszolgáltatások,N - Regionális/helyi szintű,Szolgáltatás megrendelés,Nemzeti eljárásrend,Nem,Nem,Igen
"""Pro Familia"" Egészségügyi Betéti Társaság",Winner,"21250695205,H21250695",4,0.02740927,0.3093057,-0.671068,0.6957861,3.5131073,9,0.0,0.26080445939794594,0.003584999265217882,0.42479962,-2.3841858e-07,KL - Általános közszolgáltatások,N - Regionális/helyi szintű,Szolgáltatás megrendelés,Nemzeti eljárásrend,Nem,Nem,Igen
Dr. Dienes Csaba és Társa Egészségügyi és Szolgáltató Korlátolt Felelősségű Társaság,Winner,23988561105,4,0.02670861,0.30683994,-0.65995044,0.70206964,3.4846241,9,0.0,0.26080445939794594,0.003584999265217882,0.42060328,-1.7881393e-07,KL - Általános közszolgáltatások,N - Regionális/helyi szintű,Szolgáltatás megrendelés,Nemzeti eljárásrend,Nem,Nem,Igen
Mezőtárkány Község Önkormányzata,Buyer,15380535210,34,-0.019312851,0.3736568,-0.8527898,0.8698407,4.233087,2,0.0,9.417060200604629e-17,0.006024096385542169,0.39788607,1.1920929e-07,KL - Általános közszolgáltatások,N - Regionális/helyi szintű,Szolgáltatás megrendelés,Nemzeti eljárásrend,Nem,Nem,Igen
Tempo-Legato Oktatásszervező és Tanácsadó Kft,Winner,23052709210,34,-0.021012155,0.37539357,-0.8522775,0.90901595,4.2537417,2,0.0,9.417060200604629e-17,0.006024096385542169,0.4048767,-5.9604645e-08,KL - Általános közszolgáltatások,N - Regionális/helyi szintű,Szolgáltatás megrendelés,Nemzeti eljárásrend,Nem,Nem,Igen
Miskolc Megyei Jogú Város Önkormányzata,Buyer,15735605205,35,0.014178715,0.3608543,-0.78390247,1.134566,4.0857506,3,7.390983000739098e-05,7.562349194019088e-12,0.008792887543678646,0.40792677,-5.9604645e-08,KL - Általános közszolgáltatások,N - Regionális/helyi szintű,Szolgáltatás megrendelés,Nemzeti eljárásrend,Nem,Nem,Igen
"Rudas és Karig Számítástechnikai, Kereskedelmi és Szolgáltató Kft,",Winner,"10731376241,HU 10731376",35,0.016732108,0.35704964,-0.7699672,1.1305845,4.0439887,3,0.0,5.34738839679152e-12,0.004639700806473929,0.41486344,0.0,KL - Általános közszolgáltatások,N - Regionális/helyi szintű,Szolgáltatás megrendelés,Nemzeti eljárásrend,Nem,Nem,Igen
Bükkábrány Község Önkormányzata|Sály Község Önkormányzata|Mezőkövesdi Kistérségi Szociális Szolgáltató és Gyermekjóléti Központ|Szomolya Község Önkormányzata|Mezőkeresztes Város Önkormányzata|Mezőkövesd Város Önkormányzata|Tiszavalk község Önkormányzata|Tard Község Önkormányzata|Bogács Község Önkormányzata|Egerlövő község Önkormányzata,Buyer,15725819205|15725840105|15585709205|15725864205|15725826205|15726470205|15545112105|15725871205|15725802205|15348757205,36,-0.03746406,0.32744652,-0.8024528,0.8681661,3.7288032,6,0.0,0.000145776916455617,0.0038090634590329862,0.41474888,1.1920929e-07,KL - Általános közszolgáltatások,N - Regionális/helyi szintű,Szolgáltatás megrendelés,Nemzeti eljárásrend,Nem,Nem,Igen
"Fókusz Gimnázium, Szakképző Iskola és Felnőttképző Intézmény",Winner,18139967105,36,-0.042308174,0.33716637,-0.8335668,0.8688634,3.8445163,6,0.0007390983000739098,0.0003259670947450673,0.017099261018088088,0.41866598,3.5762787e-07,KL - Általános közszolgáltatások,N - Regionális/helyi szintű,Szolgáltatás megrendelés,Nemzeti eljárásrend,Nem,Nem,Igen
Mezőcsát Város Önkormányzata|Emőd Város Önkormányzata|Kisgyőr Község Önkormányzata|Tiszatarján Község Önkormányzata|Tiszakeszi Község Önkormányzata|Mezőcsáti Kistérség Humánszolgáltató Központ|Hejőpapi Község Önkormányzata|Hejőbába Község Önkormányzata|Gelej Község Önkormányzata|Sajóbábony Város Önkormányzat,Buyer,15725761205|15725747205|15725998205|15725792205|15725785205|16679515105|15735911205|15725754205|15546577205|15726054205,36,-0.034607522,0.32471055,-0.7940758,0.87764585,3.6944869,6,0.0,0.000145776916455617,0.0038090634590329862,0.42093593,0.0,KL - Általános közszolgáltatások,N - Regionális/helyi szintű,Szolgáltatás megrendelés,Nemzeti eljárásrend,Nem,Nem,Igen
Győr Megyei Jogú Város Önkormányzata,Buyer,15735595208,37,-0.006922993,0.378662,-0.79722095,0.8734509,4.284787,2,0.0,9.417060200604629e-17,0.006024096385542169,0.39576694,-1.1920929e-07,KL - Általános közszolgáltatások,N - Regionális/helyi szintű,Szolgáltatás megrendelés,Nemzeti eljárásrend,Nem,Nem,Igen
"RABA-QUELLE Üzemeltető, Szolgáltató KFT.",Winner,"13033426208,HU13033426",37,-0.0061109923,0.37514645,-0.78196275,0.8423688,4.2448606,2,0.0,9.417060200604629e-17,0.006024096385542169,0.40787783,1.1920929e-07,KL - Általános közszolgáltatások,N - Regionális/helyi szintű,Szolgáltatás megrendelés,Nemzeti eljárásrend,Nem,Nem,Igen
Borsodbóta Község Önkormányzata|Farkaslyuk Község Önkormányzata|Csokvaomány Községi Önkormányzat|Domaháza Község Önkormányzata,Buyer,15349239205|15736084105|15349260205|15726140205,38,0.045223136,0.356507,-0.8205013,1.0161605,4.0657377,3,0.0,5.34738839679152e-12,0.004639700806473929,0.40375325,0.0,KL - Általános közszolgáltatások,N - Regionális/helyi szintű,Szolgáltatás megrendelés,Nemzeti eljárásrend,Nem,Nem,Igen
"Borsodbótai Önkéntes Tűzoltó-, Településszépítő-, Környezetvédő- és Foglalkoztatást Elősegítő Egyesület",Winner,18428920205,38,0.049285535,0.35906455,-0.8440642,1.0294268,4.1004415,3,7.390983000739098e-05,7.562349194019088e-12,0.008792887543678646,0.40678692,-1.1920929e-07,KL - Általános közszolgáltatások,N - Regionális/helyi szintű,Szolgáltatás megrendelés,Nemzeti eljárásrend,Nem,Nem,Igen
Borsodbóta Község Önkormányzata,Buyer,15349239205,38,0.045815602,0.35371694,-0.8064605,1.0138913,4.03528,3,0.0,5.34738839679152e-12,0.004639700806473929,0.40623456,0.0,KL - Általános közszolgáltatások,N - Regionális/helyi szintű,Szolgáltatás megrendelés,Nemzeti eljárásrend,Nem,Nem,Igen
Maroslele Községi Önkormányzat|MAGYARCSANÁD KÖZSÉG ÖNKORMÁNYZAT|Mindszent Város Önkormányzata|Apátfalva Község Önkormányzata|Földeák Községi Önkormányzat|Mártély Községi Önkormányzat,Buyer,15726858206|15726841206|15726762206|15726834206|15354642206|15726827206,17,-0.009233563,0.35932618,-0.9049347,0.92113537,4.0666537,3,0.0,5.34738839679152e-12,0.004639700806473929,0.4024143,1.1920929e-07,KL - Általános közszolgáltatások,N - Regionális/helyi szintű,Szolgáltatás megrendelés,Nemzeti eljárásrend,Nem,Nem,Igen
Bogács Község Önkormányzata|Tiszakeszi Község Önkormányzata|Tiszabábolna község Önkormányzata|Gelej Község Önkormányzata|Tard Község Önkormányzata|Mezőkeresztes Város Önkormányzata|Mezőcsát Város Önkormányzata|Mezőkövesd Város Önkormányzata|Bükkábrány Község Önkormányzata,Buyer,15725802205|15725785205|15439031105|15546577205|15725871205|15725826205|15725761205|15726470205|15725819205,36,-0.036238916,0.32873842,-0.8122341,0.86887133,3.7417808,6,0.0,0.000145776916455617,0.0038090634590329862,0.4232309,-1.1920929e-07,KL - Általános közszolgáltatások,N - Regionális/helyi szintű,Szolgáltatás megrendelés,Nemzeti eljárásrend,Nem,Nem,Igen
Bükkszentkereszt Község Önkormányzata|Répáshuta Község Önkormányzata|Nyékládháza Város Önkormányzata|Sajóhídvég Község Önkormányzat|Hejőbába Község Önkormányzata|NAGYCSÉCS KÖZSÉG ÖNKORMÁNYZATA|Hejőkürt Község Önkormányzata|Berzék Község Önkormányzata|Emőd Város Önkormányzata,Buyer,15348953205|15349105105|15726023205|15349129205|15725754205|15546072205|15546247205|15545129205|15725747205,36,-0.036614142,0.32662272,-0.8281546,0.87065667,3.7184596,6,0.0,0.000145776916455617,0.0038090634590329862,0.4208003,0.0,KL - Általános közszolgáltatások,N - Regionális/helyi szintű,Szolgáltatás megrendelés,Nemzeti eljárásrend,Nem,Nem,Igen
Harsány Község Önkormányzata|Hejőszalonta Község Önkormányzata|Sajólád Község Önkormányzata|Mályi Község Önkormányzata|Kisgyőr Község Önkormányzata|Sajópetri Község Önkormányzata|Bükkaranyos Község Önkormányzat|Ónod Község Önkormányzata|Hejőkeresztúr Község Önkormányzata,Buyer,15725974205|15545590205|15726078205|15726016205|15725998205|15735973205|15725943205|15726047205|15348582205,36,-0.03534296,0.32546577,-0.81008655,0.8816713,3.7038717,6,0.0,0.000145776916455617,0.0038090634590329862,0.41567037,1.1920929e-07,KL - Általános közszolgáltatások,N - Regionális/helyi szintű,Szolgáltatás megrendelés,Nemzeti eljárásrend,Nem,Nem,Igen
Vác Város Önkormányzat,Buyer,15731302213,39,0.00013715844,0.37509507,-0.85853773,0.7700135,4.2437167,2,0.0,9.417060200604629e-17,0.006024096385542169,0.40125027,-1.1920929e-07,KL - Általános közszolgáltatások,N - Regionális/helyi szintű,Szolgáltatás megrendelés,Nemzeti eljárásrend,Nem,Nem,Igen
Mihály és Társa Művészeti Betéti Társaság,Winner,28852559242,39,-0.001002636,0.37206545,-0.8535294,0.7497647,4.2094555,2,0.0,9.417060200604629e-17,0.006024096385542169,0.4060663,2.3841858e-07,KL - Általános közszolgáltatások,N - Regionális/helyi szintű,Szolgáltatás megrendelés,Nemzeti eljárásrend,Nem,Nem,Igen
ERUDITIO Oktatási Szolgáltató Zártkörűen Működő Részvénytársaság,Winner,"23953466243,HU23953466,01 10 047512",28,-0.025732059,0.3337505,-0.8551127,0.8100824,3.7871618,5,0.0,1.731254416957031e-06,0.0039475030169398104,0.41511178,4.7683716e-07,KL - Általános közszolgáltatások,N - Regionális/helyi szintű,Szolgáltatás megrendelés,Nemzeti eljárásrend,Nem,Nem,Igen
Budapest Főváros III. kerület Óbuda-Békásmegyer Önkormányzat,Buyer,15735667241,40,0.0023356685,0.3776785,-0.9509759,0.98156613,4.2730265,2,0.0,9.417060200604629e-17,0.006024096385542169,0.41117147,-1.7881393e-07,KL - Általános közszolgáltatások,N - Regionális/helyi szintű,Szolgáltatás megrendelés,Nemzeti eljárásrend,Nem,Nem,Igen
E.ON Energiakereskedelmi Korlátolt Felelősségű Társaság ,Winner,"24765648244,HU24765648,01-09-181155",40,0.0027177185,0.380111,-0.9302424,0.97109395,4.3005753,2,0.0,9.417060200604629e-17,0.006024096385542169,0.39945015,-5.9604645e-08,KL - Általános közszolgáltatások,N - Regionális/helyi szintű,Szolgáltatás megrendelés,Nemzeti eljárásrend,Nem,Nem,Igen
Signalterv Forgalomtechnika Korlátolt Felelősségű Társaság,Winner,"13739366213,HU13739366",35,0.018361196,0.35800284,-0.7645441,1.1427933,4.0556636,3,0.0,5.34738839679152e-12,0.004639700806473929,0.40614104,0.0,KL - Általános közszolgáltatások,N - Regionális/helyi szintű,Szolgáltatás megrendelés,Nemzeti eljárásrend,Nem,Nem,Igen
Fejér Megyei Kormányhivatal,Buyer,15789295207,41,0.029950246,0.3607557,-1.1765159,0.6738674,4.095526,3,7.390983000739098e-05,7.562349194019088e-12,0.008792887543678646,0.41153648,1.1920929e-07,KL - Általános közszolgáltatások,N - Regionális/helyi szintű,Szolgáltatás megrendelés,Nemzeti eljárásrend,Nem,Nem,Igen
Vörösmarty Mezőgazdasági Korlátolt Felelősségű Társaság,Winner,24770642207,41,0.029527044,0.35802096,-1.1768527,0.67749316,4.0642967,3,0.0,5.34738839679152e-12,0.004639700806473929,0.41180393,1.1920929e-07,KL - Általános közszolgáltatások,N - Regionális/helyi szintű,Szolgáltatás megrendelés,Nemzeti eljárásrend,Nem,Nem,Igen
Lenti Kistérség Többcélú Társulása,Buyer,15560270120,25,-0.0034847455,0.34019616,-1.0869821,0.67221576,3.849082,5,0.0,1.731254416957031e-06,0.0039475030169398104,0.41658387,0.0,KL - Általános közszolgáltatások,N - Regionális/helyi szintű,Szolgáltatás megrendelés,Nemzeti eljárásrend,Nem,Nem,Igen
Komló Város Önkormányzat|Kárász Községi Önkormányzat|Hegyhátmaróc Község Önkormányzata|Máza Község Önkormányzata|Tófű Község Önkormányzat|Köblény Községi Önkormányzat|Vékény Községi Önkormányzat|Szalatnak Községi Önkormányzat|Egyházaskozár Község Önkormányzat|Mánfa Község Önkormányzata|Bikal Község Önkormányzata|Magyaregregy Község Önkormányzat|Szászvár Nagyközség Önkormányzat|Hosszúhetény Községi Önkormányzat|Szárász Község Önkormányzat,Buyer,15724100202|15333612102|15556136102|15724296102|15556150102|15333595102|15333629102|15333605102|15331737202|15736101102|15331713102|15724117102|15724162202|15724148202|15556143102,42,0.022664089,0.37124133,-0.7631245,1.044565,4.207936,2,0.0,9.417060200604629e-17,0.006024096385542169,0.401995,-2.3841858e-07,KL - Általános közszolgáltatások,N - Regionális/helyi szintű,Szolgáltatás megrendelés,Nemzeti eljárásrend,Nem,Nem,Igen
FERLING Tanácsadó és Szolgáltató Korlátolt Felelősségű Társaság,Winner,11018661202,42,0.021489702,0.3743221,-0.7693531,1.0110394,4.241944,2,0.0,9.417060200604629e-17,0.006024096385542169,0.40214843,0.0,KL - Általános közszolgáltatások,N - Regionális/helyi szintű,Szolgáltatás megrendelés,Nemzeti eljárásrend,Nem,Nem,Igen
Budapest Közút Zártkörűen Működő Részvénytársaság,Buyer,23501894243,43,-0.017488059,0.34494174,-0.86241424,0.70888233,3.9075828,4,0.00022172949002217295,1.263112121356514e-08,0.011561678701815126,0.41466329,-1.7881393e-07,KL - Általános közszolgáltatások,N - Regionális/helyi szintű,Szolgáltatás megrendelés,Nemzeti eljárásrend,Nem,Nem,Igen
GVSX Szolgáltató Korlátolt Felelősségű Társaság,Winner,"14755617241,HU14755617",43,-0.012160431,0.34146428,-0.842141,0.7333665,3.8656762,4,0.0,7.292581232818626e-09,0.004178235613451183,0.4128212,-1.7881393e-07,KL - Általános közszolgáltatások,N - Regionális/helyi szintű,Szolgáltatás megrendelés,Nemzeti eljárásrend,Nem,Nem,Igen
Derecske Város Önkormányzata,Buyer,15728427209,44,0.03244968,0.37128466,-0.73867327,1.1097877,4.216619,2,0.0,9.417060200604629e-17,0.006024096385542169,0.40231267,-1.1920929e-07,KL - Általános közszolgáltatások,N - Regionális/helyi szintű,Szolgáltatás megrendelés,Nemzeti eljárásrend,Nem,Nem,Igen
Daru Média Kft.,Winner,23982565109,44,0.031979736,0.37406552,-0.75833344,1.1010101,4.2475057,2,0.0,9.417060200604629e-17,0.006024096385542169,0.4084571,1.1920929e-07,KL - Általános közszolgáltatások,N - Regionális/helyi szintű,Szolgáltatás megrendelés,Nemzeti eljárásrend,Nem,Nem,Igen
Szikora Péter ev.,Winner,55493806227,41,0.030395279,0.35766506,-1.1813715,0.6653298,4.0611043,3,0.0,5.34738839679152e-12,0.004639700806473929,0.4107258,-2.3841858e-07,KL - Általános közszolgáltatások,N - Regionális/helyi szintű,Szolgáltatás megrendelés,Nemzeti eljárásrend,Nem,Nem,Igen
NetworKing IT Korlátolt Felelősségű Társaság,Winner,"13295811241,HU13295811",0,0.041498423,0.35881293,-1.05631,0.86185765,4.0865645,3,0.0,5.34738839679152e-12,0.004639700806473929,0.40892836,0.0,KL - Általános közszolgáltatások,N - Regionális/helyi szintű,Szolgáltatás megrendelés,Nemzeti eljárásrend,Nem,Nem,Igen
Nagyatád Város Önkormányzata,Buyer,15731663214,25,-0.0038926424,0.34051904,-1.0925817,0.66612095,3.8527846,5,0.0,1.731254416957031e-06,0.0039475030169398104,0.4140272,4.7683716e-07,KL - Általános közszolgáltatások,N - Regionális/helyi szintű,Szolgáltatás megrendelés,Nemzeti eljárásrend,Nem,Nem,Igen
Egyek Nagyközség Önkormányzata,Buyer,15728513209,45,-0.008531002,0.3626878,-0.9454422,0.75567263,4.104479,3,7.390983000739098e-05,7.562349194019088e-12,0.008792887543678646,0.4076634,1.1920929e-07,KL - Általános közszolgáltatások,N - Regionális/helyi szintű,Szolgáltatás megrendelés,Nemzeti eljárásrend,Nem,Nem,Igen
TIGÁZ Földgázelosztó Zártkörűen Működő Részvénytársaság,Winner,11147073209,45,-0.010347671,0.35852194,-0.9475933,0.7495947,4.057902,3,0.0,5.34738839679152e-12,0.004639700806473929,0.41136464,1.1920929e-07,KL - Általános közszolgáltatások,N - Regionális/helyi szintű,Szolgáltatás megrendelés,Nemzeti eljárásrend,Nem,Nem,Igen
Budafok-Tétény Budapest XXII. Kerület Önkormányzata,Buyer,15735856243,46,0.019162664,0.3783811,-0.8868013,0.98693055,4.28638,2,0.0,9.417060200604629e-17,0.006024096385542169,0.40239885,1.1920929e-07,KL - Általános közszolgáltatások,N - Regionális/helyi szintű,Szolgáltatás megrendelés,Nemzeti eljárásrend,Nem,Nem,Igen
Krízis Szociális Szolgálat a Veszélyeztetett Családok Integrációjának Megőrzéséért Alapítvány,Winner,18036682143,46,0.018272368,0.37827632,-0.8691675,0.9807152,4.284698,2,0.0,9.417060200604629e-17,0.006024096385542169,0.400246,-1.1920929e-07,KL - Általános közszolgáltatások,N - Regionális/helyi szintű,Szolgáltatás megrendelés,Nemzeti eljárásrend,Nem,Nem,Igen
Salgótarján Megyei Jogú Város Polgármesteri Hivatal,Buyer,15450494212,47,-0.010933265,0.3701223,-0.7371643,0.7685909,4.1892824,2,0.0,9.417060200604629e-17,0.006024096385542169,0.40085998,-5.9604645e-08,KL - Általános közszolgáltatások,N - Regionális/helyi szintű,Szolgáltatás megrendelés,Nemzeti eljárásrend,Nem,Nem,Igen
Vector Management Korlátolt Felelősségű Társaság,Winner,"13020682212,HU13020682",47,-0.010570771,0.37046996,-0.7634216,0.793733,4.1930947,2,0.0,9.417060200604629e-17,0.006024096385542169,0.40188488,0.0,KL - Általános közszolgáltatások,N - Regionális/helyi szintű,Szolgáltatás megrendelés,Nemzeti eljárásrend,Nem,Nem,Igen
Balatonföldvári Többcélú Kistérségi Társulás,Buyer,15571555214,25,-0.00368083,0.3372983,-1.094452,0.6720225,3.816322,5,0.0,1.731254416957031e-06,0.0039475030169398104,0.42000404,1.1920929e-07,KL - Általános közszolgáltatások,N - Regionális/helyi szintű,Szolgáltatás megrendelés,Nemzeti eljárásrend,Nem,Nem,Igen
Ráckeve Város Önkormányzata|Dömsöd Nagyközség Önkormányzata|Makád Község Önkormányzata|Lórév Község Önkormányzata|Szigetbecse Község Önkormányzat,Buyer,15730899213|15730851213|15441915213|15441874213|15734879213,48,0.010421306,0.3875586,-0.83073205,0.9699801,4.38631,2,0.0,9.417060200604629e-17,0.006024096385542169,0.40429977,1.1920929e-07,KL - Általános közszolgáltatások,N - Regionális/helyi szintű,Szolgáltatás megrendelés,Nemzeti eljárásrend,Nem,Nem,Igen
MorrowMedical Zártkörűen Működő Részvénytársaság,Winner,"14996924141,HU14996924",48,0.010387173,0.38610196,-0.79961896,0.965437,4.369826,2,0.0,9.417060200604629e-17,0.006024096385542169,0.40152493,-2.3841858e-07,KL - Általános közszolgáltatások,N - Regionális/helyi szintű,Szolgáltatás megrendelés,Nemzeti eljárásrend,Nem,Nem,Igen
Lenti Város Önkormányzata,Buyer,15734477220,49,0.01157382,0.36957455,-0.8294465,0.8528457,4.183308,2,0.0,9.417060200604629e-17,0.006024096385542169,0.4102193,4.7683716e-07,KL - Általános közszolgáltatások,N - Regionális/helyi szintű,Szolgáltatás megrendelés,Nemzeti eljárásrend,Nem,Nem,Igen
Lenti Városgazdálkodási Kft.,Winner,14339550220,49,0.010001485,0.37392285,-0.8239517,0.8600938,4.2319674,2,0.0,9.417060200604629e-17,0.006024096385542169,0.4026095,2.3841858e-07,KL - Általános közszolgáltatások,N - Regionális/helyi szintű,Szolgáltatás megrendelés,Nemzeti eljárásrend,Nem,Nem,Igen
Budapest Főváros IV. Kerület Újpest Önkormányzata,Buyer,15735674241,2,-0.031100132,0.35122186,-0.80042523,0.8562164,3.9891696,3,0.0,5.34738839679152e-12,0.004639700806473929,0.40647116,-1.1920929e-07,KL - Általános közszolgáltatások,N - Regionális/helyi szintű,Szolgáltatás megrendelés,Nemzeti eljárásrend,Nem,Nem,Igen
Felső-Tisza Vidéki Többcélú Kistérségi Társulás,Buyer,15445490215,50,-0.047798976,0.37397033,-0.8893338,0.82501304,4.2654114,2,0.0,9.417060200604629e-17,0.006024096385542169,0.4064683,0.0,KL - Általános közszolgáltatások,N - Regionális/helyi szintű,Szolgáltatás megrendelés,Nemzeti eljárásrend,Nem,Nem,Igen
OXYTRANS EGÉSZSÉGÜGYI SZOLGÁLTATÓ KFT.,Winner,11077585105,50,-0.04874111,0.3727911,-0.8914636,0.83733493,4.2535467,2,0.0,9.417060200604629e-17,0.006024096385542169,0.4061374,-5.9604645e-08,KL - Általános közszolgáltatások,N - Regionális/helyi szintű,Szolgáltatás megrendelés,Nemzeti eljárásrend,Nem,Nem,Igen
Székesfehérvár Megyei Jogú Város Önkormányzata,Buyer,15726999207,51,-0.00621807,0.35725686,-0.8677378,0.8133677,4.0425124,3,7.390983000739098e-05,7.562349194019088e-12,0.008792887543678646,0.41302302,1.1920929e-07,KL - Általános közszolgáltatások,N - Regionális/helyi szintű,Szolgáltatás megrendelés,Nemzeti eljárásrend,Nem,Nem,Igen
ALPHA-VET Állatgyógyászati Korlátolt Felelősségű Társaság,Winner,"10303304244,HU10303304",51,-0.006329419,0.35635462,-0.87776154,0.77934,4.032328,3,0.0,5.34738839679152e-12,0.004639700806473929,0.40772945,-5.9604645e-08,KL - Általános közszolgáltatások,N - Regionális/helyi szintű,Szolgáltatás megrendelés,Nemzeti eljárásrend,Nem,Nem,Igen
Magyar Közlöny Lap- és Könyvkiadó Kft.,Winner,10897706242,9,-0.009022333,0.33326107,-0.8124023,0.90391237,3.7718,5,0.0,1.731254416957031e-06,0.0039475030169398104,0.41203263,3.5762787e-07,KL - Általános közszolgáltatások,N - Regionális/helyi szintű,Szolgáltatás megrendelés,Nemzeti eljárásrend,Nem,Nem,Igen
Budapest I. kerület Budavári Önkormányzat,Buyer,15735643241,52,-0.016267711,0.36768436,-0.9156291,0.88787764,4.1639433,3,7.390983000739098e-05,7.562349194019088e-12,0.008792887543678646,0.41511297,-1.1920929e-07,KL - Általános közszolgáltatások,N - Regionális/helyi szintű,Szolgáltatás megrendelés,Nemzeti eljárásrend,Nem,Nem,Igen
City-Form 2000 Kft.,Winner,13300850241,52,-0.017002907,0.3594409,-0.89724076,0.87778735,4.071157,3,0.0,5.34738839679152e-12,0.004639700806473929,0.4093273,0.0,KL - Általános közszolgáltatások,N - Regionális/helyi szintű,Szolgáltatás megrendelés,Nemzeti eljárásrend,Nem,Nem,Igen
Nagykálló Város Önkormányzata,Buyer,15732327215,53,-0.034908302,0.37383044,-1.1552887,0.92773175,4.2478085,2,0.0,9.417060200604629e-17,0.006024096385542169,0.40297776,-5.9604645e-08,KL - Általános közszolgáltatások,N - Regionális/helyi szintű,Szolgáltatás megrendelés,Nemzeti eljárásrend,Nem,Nem,Igen
Geo Nord Bau Korlátolt Felelősségű Társaság,Winner,"23797455205,HU23797455",53,-0.03140879,0.36763826,-1.1446424,0.9385763,4.174504,2,0.0,9.417060200604629e-17,0.006024096385542169,0.4051157,1.1920929e-07,KL - Általános közszolgáltatások,N - Regionális/helyi szintű,Szolgáltatás megrendelés,Nemzeti eljárásrend,Nem,Nem,Igen
Dunaújváros Megyei Jogú Város Önkormányzata,Buyer,15727000207,54,0.009958936,0.37881336,-0.99886614,1.065543,4.287265,2,0.0,9.417060200604629e-17,0.006024096385542169,0.40238562,1.1920929e-07,KL - Általános közszolgáltatások,N - Regionális/helyi szintű,Szolgáltatás megrendelés,Nemzeti eljárásrend,Nem,Nem,Igen
Hygiénia Kártevőirtó és Szolgáltató Korlátolt Felelőségű Társaság,Winner,25970539206,54,0.006609032,0.3786007,-0.97307575,1.0648102,4.2840304,2,0.0,9.417060200604629e-17,0.006024096385542169,0.4040223,1.1920929e-07,KL - Általános közszolgáltatások,N - Regionális/helyi szintű,Szolgáltatás megrendelés,Nemzeti eljárásrend,Nem,Nem,Igen
Garden Fasorfenntartó Kertészeti Szolgáltató Kft.,Winner,"14678374243,HU14678374",16,-0.03488373,0.34212103,-0.9348008,1.0031768,3.8907263,4,0.0,7.292581232818626e-09,0.004178235613451183,0.4146113,-1.1920929e-07,KL - Általános közszolgáltatások,N - Regionális/helyi szintű,Szolgáltatás megrendelés,Nemzeti eljárásrend,Nem,Nem,Igen
GTS INVESTMENT Kft.,Winner,"11709514242,HU11709514",18,-0.0054379087,0.354242,-1.0769535,1.2387553,4.008263,3,0.0,5.34738839679152e-12,0.004639700806473929,0.40399417,-2.3841858e-07,KL - Általános közszolgáltatások,N - Regionális/helyi szintű,Szolgáltatás megrendelés,Nemzeti eljárásrend,Nem,Nem,Igen
URBS Ingatlan Korlátolt Felelősségű Társaság,Winner,10354771242,52,-0.015468172,0.36093143,-0.89573777,0.88543403,4.0872216,3,0.0,5.34738839679152e-12,0.004639700806473929,0.4080806,-1.7881393e-07,KL - Általános közszolgáltatások,N - Regionális/helyi szintű,Szolgáltatás megrendelés,Nemzeti eljárásrend,Nem,Nem,Igen
Nyíregyháza Megyei Jogú Város Polgármesteri Hivatala,Buyer,15402006215,55,-0.024570474,0.36797574,-0.71303856,0.7443018,4.1724405,2,0.0,9.417060200604629e-17,0.006024096385542169,0.39977476,-1.1920929e-07,KL - Általános közszolgáltatások,N - Regionális/helyi szintű,Szolgáltatás megrendelés,Nemzeti eljárásrend,Nem,Nem,Igen
Bravogroup Rendszerház Kereskedelmi Korlátolt Felelősségű Társaság,Winner,"11809360242,HU11809360,01-09-677773",55,-0.02523208,0.36770558,-0.7068402,0.7771932,4.169897,2,0.0,9.417060200604629e-17,0.006024096385542169,0.40127268,-1.7881393e-07,KL - Általános közszolgáltatások,N - Regionális/helyi szintű,Szolgáltatás megrendelés,Nemzeti eljárásrend,Nem,Nem,Igen
Generali Biztosító Zrt.,Winner,"10308024444,17780058",56,-0.023319412,0.33732453,-0.8147556,0.81919754,3.8254998,5,0.00022172949002217295,1.1386430600806335e-07,0.007393856837844197,0.41739902,1.1920929e-07,KL - Általános közszolgáltatások,N - Regionális/helyi szintű,Szolgáltatás megrendelés,Nemzeti eljárásrend,Nem,Nem,Igen
Nagykanizsa Megyei Jogú Város Önkormányzata,Buyer,15734446220,56,-0.023575494,0.34636232,-0.86727786,0.8032551,3.9277096,5,0.0,6.162291835742109e-08,0.004046449042625517,0.40911916,0.0,KL - Általános közszolgáltatások,N - Regionális/helyi szintű,Szolgáltatás megrendelés,Nemzeti eljárásrend,Nem,Nem,Igen
Veszprém Megyei Önkormányzat,Buyer,15734295119,57,-0.015542308,0.3759681,-0.9536689,0.8556645,4.2572265,2,0.0,9.417060200604629e-17,0.006024096385542169,0.40801942,0.0,KL - Általános közszolgáltatások,N - Regionális/helyi szintű,Szolgáltatás megrendelés,Nemzeti eljárásrend,Nem,Nem,Igen
Marakata Hungary Kft.,Winner,23944884207,57,-0.016404666,0.3771128,-0.9634251,0.85355073,4.2705793,2,0.0,9.417060200604629e-17,0.006024096385542169,0.40058762,-2.9802322e-07,KL - Általános közszolgáltatások,N - Regionális/helyi szintű,Szolgáltatás megrendelés,Nemzeti eljárásrend,Nem,Nem,Igen
Dunakeszi Város Önkormányzata,Buyer,15731247213,58,-0.0011307634,0.3743983,-0.79673785,1.0550292,4.2358522,2,0.0,9.417060200604629e-17,0.006024096385542169,0.4041375,-2.3841858e-07,KL - Általános közszolgáltatások,N - Regionális/helyi szintű,Szolgáltatás megrendelés,Nemzeti eljárásrend,Nem,Nem,Igen
SPORTBUSZ Személyszállító és kereskedelmi KFT.,Winner,13266262211,58,0.00046039093,0.37476718,-0.7886815,1.0525781,4.24001,2,0.0,9.417060200604629e-17,0.006024096385542169,0.40585345,1.1920929e-07,KL - Általános közszolgáltatások,N - Regionális/helyi szintű,Szolgáltatás megrendelés,Nemzeti eljárásrend,Nem,Nem,Igen
Daher és Társa Kft.,Winner,13633679305,4,0.025394956,0.3083099,-0.6611512,0.70128554,3.499941,9,0.0,0.26080445939794594,0.003584999265217882,0.4231742,-1.7881393e-07,KL - Általános közszolgáltatások,N - Regionális/helyi szintű,Szolgáltatás megrendelés,Nemzeti eljárásrend,Nem,Nem,Igen
Országos Orvosi Ügyelet Egészségügyi Szolgáltató Közhasznú Nonprofit Korlátolt Felelősségű Társaság,Winner,20612469209,56,-0.008577103,0.33225992,-0.7798159,0.8597589,3.7603443,5,0.0,8.051422291339431e-08,0.0039548205803229125,0.41398335,0.0,KL - Általános közszolgáltatások,N - Regionális/helyi szintű,Szolgáltatás megrendelés,Nemzeti eljárásrend,Nem,Nem,Igen
IMG Solution Kft.,Winner,"14894262241,HU14894262.",4,0.027504541,0.31251252,-0.6770551,0.7146419,3.5493426,9,0.0,0.26080445939794594,0.003584999265217882,0.42581025,0.0,KL - Általános közszolgáltatások,N - Regionális/helyi szintű,Szolgáltatás megrendelés,Nemzeti eljárásrend,Nem,Nem,Igen
BUDAPEST FŐVÁROS XX. KERÜLET PESTERZSÉBET ÖNKORMÁNYZATA,Buyer,15735832243,59,-0.052045994,0.37184307,-0.85708225,0.8566566,4.247933,2,0.0,9.417060200604629e-17,0.006024096385542169,0.40104693,-1.1920929e-07,KL - Általános közszolgáltatások,N - Regionális/helyi szintű,Szolgáltatás megrendelés,Nemzeti eljárásrend,Nem,Nem,Igen
FIDO Szolgáltató és Kereskedelmi Kft.,Winner,12166310243,59,-0.050719578,0.37026623,-0.864095,0.8524279,4.2282033,2,0.0,9.417060200604629e-17,0.006024096385542169,0.3974729,-2.3841858e-07,KL - Általános közszolgáltatások,N - Regionális/helyi szintű,Szolgáltatás megrendelés,Nemzeti eljárásrend,Nem,Nem,Igen
E.ON Tiszántúli Áramhálózati Zrt.,Winner,"10750036209,HU10750036",45,-0.0097613735,0.3567665,-0.94139034,0.7462693,4.037863,3,0.0,5.34738839679152e-12,0.004639700806473929,0.41397783,-1.1920929e-07,KL - Általános közszolgáltatások,N - Regionális/helyi szintű,Szolgáltatás megrendelés,Nemzeti eljárásrend,Nem,Nem,Igen
ManOPen Irodatechnikai Kft.,Winner,"12672293213,HU12672293",4,0.025488684,0.30963737,-0.6750456,0.6976901,3.514996,9,0.0,0.26080445939794594,0.003584999265217882,0.42389795,-5.9604645e-08,KL - Általános közszolgáltatások,N - Regionális/helyi szintű,Szolgáltatás megrendelés,Nemzeti eljárásrend,Nem,Nem,Igen
PEGACONSULT Tanácsadó Korlátolt Felelősségű Társaság,Winner,"12903412242,HU12903412",43,-0.014918016,0.3434634,-0.86858124,0.73728293,3.8895082,4,0.0,7.292581232818626e-09,0.004178235613451183,0.41106814,1.1920929e-07,KL - Általános közszolgáltatások,N - Regionális/helyi szintű,Szolgáltatás megrendelés,Nemzeti eljárásrend,Nem,Nem,Igen
Záhony Város Önkormányzata|Eperjeske Község Önkormányzata|Zsurk Község Önkormányzata|Győröcske Község Önkormányzata|Tiszabezdéd Község Önkormányzata,Buyer,15732042215|15442868215|15442985115|15442875115|15732011215,60,-0.021452889,0.35928884,-0.9486502,0.9241829,4.072129,3,7.390983000739098e-05,7.562349194019088e-12,0.008792887543678646,0.40777412,1.1920929e-07,KL - Általános közszolgáltatások,N - Regionális/helyi szintű,Szolgáltatás megrendelés,Nemzeti eljárásrend,Nem,Nem,Igen
Nyírségi Egészség Kontroll Bt.,Winner,25970735115,60,-0.024025954,0.35603502,-0.9565745,0.9374833,4.0372376,3,0.0,5.34738839679152e-12,0.004639700806473929,0.4040308,-1.1920929e-07,KL - Általános közszolgáltatások,N - Regionális/helyi szintű,Szolgáltatás megrendelés,Nemzeti eljárásrend,Nem,Nem,Igen
Korbeák Consulting Korlátolt Felelősségű Társaság,Winner,25410956209,60,-0.022612698,0.35396618,-0.9504293,0.91328174,4.0128336,3,0.0,5.34738839679152e-12,0.004639700806473929,0.41519812,1.1920929e-07,KL - Általános közszolgáltatások,N - Regionális/helyi szintű,Szolgáltatás megrendelés,Nemzeti eljárásrend,Nem,Nem,Igen
Fehérgyarmat Város Önkormányzata,Buyer,15731852215,12,0.0033519594,0.36409628,-0.85023385,0.8845199,4.1194534,2,0.0,9.417060200604629e-17,0.006024096385542169,0.40786827,0.0,KL - Általános közszolgáltatások,N - Regionális/helyi szintű,Szolgáltatás megrendelés,Nemzeti eljárásrend,Nem,Nem,Igen
Dover Nyelvi Centrum Oktatási és Szolgáltató Kft.,Winner,10757480241,12,0.0054959906,0.37255576,-0.87288636,0.9173752,4.215446,2,0.0,9.417060200604629e-17,0.006024096385542169,0.3994289,-5.9604645e-08,KL - Általános közszolgáltatások,N - Regionális/helyi szintű,Szolgáltatás megrendelés,Nemzeti eljárásrend,Nem,Nem,Igen
Békéscsaba Megyei Jogú Város Önkormányzata,Buyer,15725369204,5,0.01520618,0.3730639,-0.85888064,0.8339834,4.2242403,2,0.0,9.417060200604629e-17,0.006024096385542169,0.40508455,1.1920929e-07,KL - Általános közszolgáltatások,N - Regionális/helyi szintű,Szolgáltatás megrendelés,Nemzeti eljárásrend,Nem,Nem,Igen
MLR Studio Tervező és Lebonyolító Korlátolt Felelősségű Társaság,Winner,23156126204,5,0.013661525,0.37547353,-0.8681428,0.8386828,4.250809,2,0.0,9.417060200604629e-17,0.006024096385542169,0.40648016,-5.9604645e-08,KL - Általános közszolgáltatások,N - Regionális/helyi szintű,Szolgáltatás megrendelés,Nemzeti eljárásrend,Nem,Nem,Igen
Kecskemét Megyei Jogú Város Önkormányzata,Buyer,15724540203,6,0.053014345,0.37389997,-0.80230564,0.92040265,4.272505,2,0.0,9.417060200604629e-17,0.006024096385542169,0.40053007,0.0,KL - Általános közszolgáltatások,N - Regionális/helyi szintű,Szolgáltatás megrendelés,Nemzeti eljárásrend,Nem,Nem,Igen
Magyar Közigazgatásfejlesztési és Tanácsadó Zártkörűen Működő Részvénytársaság,Winner,12905115243,6,0.05013354,0.3701,-0.7856079,0.9037888,4.225445,2,0.0,9.417060200604629e-17,0.006024096385542169,0.41053367,-2.3841858e-07,KL - Általános közszolgáltatások,N - Regionális/helyi szintű,Szolgáltatás megrendelés,Nemzeti eljárásrend,Nem,Nem,Igen
Groupama Biztosító Zártkörűen Működő Részvénytársaság,Winner,"10207349244,HU 10207349",19,-0.009477835,0.35263395,-0.7948569,0.7927352,3.9910386,3,0.0,5.34738839679152e-12,0.004639700806473929,0.4129058,-1.7881393e-07,KL - Általános közszolgáltatások,N - Regionális/helyi szintű,Szolgáltatás megrendelés,Nemzeti eljárásrend,Nem,Nem,Igen
Absurd Kereskedelmi és Szolgáltató Kft.,Winner,14066618207,51,-0.007792173,0.3528422,-0.8566647,0.76728106,3.9929273,3,0.0,5.34738839679152e-12,0.004639700806473929,0.40316966,0.0,KL - Általános közszolgáltatások,N - Regionális/helyi szintű,Szolgáltatás megrendelés,Nemzeti eljárásrend,Nem,Nem,Igen
Siemens Mobility Korlátolt Felelősségű Társaság,Winner,"26209618244,HU26209618.",43,-0.011474712,0.33993548,-0.8488344,0.7269817,3.8481214,4,0.0,7.292581232818626e-09,0.004178235613451183,0.41601026,0.0,KL - Általános közszolgáltatások,N - Regionális/helyi szintű,Szolgáltatás megrendelés,Nemzeti eljárásrend,Nem,Nem,Igen
